{
  "hash": "3043c7e7",
  "configHash": "4034629d",
  "lockfileHash": "b241dee7",
  "browserHash": "666040ac",
  "optimized": {
    "@angular/common": {
      "src": "../../../../../node_modules/@angular/common/fesm2022/common.mjs",
      "file": "@angular_common.js",
      "fileHash": "c73ad52b",
      "needsInterop": false
    },
    "@angular/core": {
      "src": "../../../../../node_modules/@angular/core/fesm2022/core.mjs",
      "file": "@angular_core.js",
      "fileHash": "1fc2e470",
      "needsInterop": false
    },
    "@angular/platform-browser": {
      "src": "../../../../../node_modules/@angular/platform-browser/fesm2022/platform-browser.mjs",
      "file": "@angular_platform-browser.js",
      "fileHash": "d6ff83f3",
      "needsInterop": false
    },
    "@angular/router": {
      "src": "../../../../../node_modules/@angular/router/fesm2022/router.mjs",
      "file": "@angular_router.js",
      "fileHash": "cd3efd12",
      "needsInterop": false
    }
  },
  "chunks": {
    "chunk-4DNSV5NI": {
      "file": "chunk-4DNSV5NI.js"
    },
    "chunk-F2TMUAH5": {
      "file": "chunk-F2TMUAH5.js"
    },
    "chunk-2UONM32I": {
      "file": "chunk-2UONM32I.js"
    }
  }
}